{"cameraMode":{"drawMode":0,"name":"Shaded","section":"Shading Mode"},"sceneLighting":true,"audioPlay":false,"sceneViewState":{"showFog":true,"showMaterialUpdate":false,"showSkybox":true,"showFlares":true,"showImageEffects":true,"showParticleSystems":true},"in2DMode":false,"pivot":{"x":1.5659153461456299,"y":20.866382598876954,"z":-60.98970031738281},"rotation":{"x":0.10267345607280731,"y":-0.028643261641263963,"z":0.0029587966855615379,"w":0.9942982792854309},"size":25.27355194091797,"orthographic":true}