{"cameraMode":{"drawMode":0,"name":"Shaded","section":"Shading Mode"},"sceneLighting":false,"audioPlay":false,"sceneViewState":{"showFog":true,"showMaterialUpdate":false,"showSkybox":false,"showFlares":true,"showImageEffects":true,"showParticleSystems":true},"in2DMode":false,"pivot":{"x":0.7172365188598633,"y":5.315366744995117,"z":3.4593896865844728},"rotation":{"x":0.07171490788459778,"y":-0.11939924210309982,"z":0.008648104965686798,"w":0.9902151823043823},"size":33.55342102050781,"orthographic":true}