{"cameraMode":{"drawMode":0,"name":"Shaded","section":"Shading Mode"},"sceneLighting":false,"audioPlay":false,"sceneViewState":{"showFog":true,"showMaterialUpdate":false,"showSkybox":true,"showFlares":true,"showImageEffects":true,"showParticleSystems":true},"in2DMode":false,"pivot":{"x":0.32732295989990237,"y":3.7915682792663576,"z":1.2470000982284547},"rotation":{"x":0.056910086423158649,"y":-0.9002689719200134,"z":0.12392871826887131,"w":0.4134232699871063},"size":0.8849869966506958,"orthographic":true}