{"cameraMode":{"drawMode":0,"name":"Shaded","section":"Shading Mode"},"sceneLighting":false,"audioPlay":false,"sceneViewState":{"showFog":true,"showMaterialUpdate":false,"showSkybox":false,"showFlares":true,"showImageEffects":true,"showParticleSystems":true},"in2DMode":false,"pivot":{"x":0.22365480661392213,"y":-0.2638188600540161,"z":0.6736156940460205},"rotation":{"x":0.012288156896829605,"y":-0.982760488986969,"z":0.17031477391719819,"w":0.07087835669517517},"size":2.036620616912842,"orthographic":true}