{"cameraMode":{"drawMode":0,"name":"Shaded","section":"Shading Mode"},"sceneLighting":true,"audioPlay":false,"sceneViewState":{"showFog":true,"showMaterialUpdate":false,"showSkybox":true,"showFlares":true,"showImageEffects":true,"showParticleSystems":true},"in2DMode":false,"pivot":{"x":0.31232261657714846,"y":4.512567520141602,"z":-39.98099899291992},"rotation":{"x":0.043834518641233447,"y":0.6849879026412964,"z":-0.041350480169057849,"w":0.7260580658912659},"size":0.8071296811103821,"orthographic":true}