{"cameraMode":{"drawMode":0,"name":"Shaded","section":"Shading Mode"},"sceneLighting":true,"audioPlay":false,"sceneViewState":{"showFog":true,"showMaterialUpdate":false,"showSkybox":true,"showFlares":true,"showImageEffects":true,"showParticleSystems":true},"in2DMode":false,"pivot":{"x":-24.59549331665039,"y":5.0,"z":3.1727638244628908},"rotation":{"x":0.10267345607280731,"y":-0.028643261641263963,"z":0.0029587966855615379,"w":0.9942982792854309},"size":62.17442321777344,"orthographic":true}